"Model","Accuracy","AUC"
"Logistic Regression",0.948213791193575,0.819888439834409
"Probit Model",0.942121296039878,0.813360768056615
"Decision Tree",0.968152866242038,NA
